,file_mask
0,00012_20990909_R_MLO_3_mask.png
1,00045_20990909_L_CC_1_mask.png
2,00075_20990909_L_CC_1_mask.png
3,00075_20990909_L_MLO_1_mask.png
4,00075_20990909_L_MLO_3_mask.png
5,00142_20990909_R_CC_1_mask.png
6,00142_20990909_R_MLO_1_mask.png
7,00142_20990909_R_MLO_2_mask.png
8,00155_20990909_L_CC_1_mask.png
9,00157_20990909_R_CC_2_mask.png
10,00157_20990909_R_CC_3_mask.png
11,00157_20990909_R_MLO_2_mask.png
12,00157_20990909_R_MLO_3_mask.png
13,00181_20990909_L_CC_2_mask.png
14,00181_20990909_L_MLO_1_mask.png
15,00181_20990909_L_MLO_2_mask.png
16,00189_20990909_L_CC_1_mask.png
17,00189_20990909_L_MLO_1_mask.png
18,00254_20990909_R_CC_1_mask.png
19,00254_20990909_R_CC_3_mask.png
20,00254_20990909_R_MLO_1_mask.png
21,00342_20990909_L_CC_1_mask.png
22,00342_20990909_L_MLO_1_mask.png
23,00345_20990909_L_MLO_3_mask.png
24,00360_20990909_L_CC_1_mask.png
25,00360_20990909_L_MLO_1_mask.png
26,00360_20990909_L_MLO_2_mask.png
27,00369_20990909_R_CC_1_mask.png
28,00369_20990909_R_CC_2_mask.png
29,00369_20990909_R_MLO_1_mask.png
30,00369_20990909_R_MLO_2_mask.png
31,00465_20990909_L_CC_1_mask.png
32,00465_20990909_L_MLO_1_mask.png
33,00523_20990909_L_CC_2_mask.png
34,00523_20990909_L_MLO_1_mask.png
35,00523_20990909_L_MLO_2_mask.png
36,00527_20990909_L_MLO_2_mask.png
37,00530_20990909_R_CC_1_mask.png
38,00670_20990909_R_CC_1_mask.png
39,00670_20990909_R_CC_2_mask.png
40,00670_20990909_R_MLO_1_mask.png
41,00670_20990909_R_MLO_2_mask.png
42,00725_20990909_R_CC_2_mask.png
43,00725_20990909_R_CC_3_mask.png
44,00725_20990909_R_MLO_2_mask.png
45,00725_20990909_R_MLO_3_mask.png
46,00820_20990909_L_MLO_1_mask.png
47,00881_20990909_L_CC_3_mask.png
48,00881_20990909_L_MLO_3_mask.png
49,00881_20990909_L_MLO_4_mask.png
50,00885_20990909_L_CC_1_mask.png
51,00885_20990909_L_MLO_1_mask.png
52,00885_20990909_L_MLO_2_mask.png
53,00970_20990909_L_CC_1_mask.png
54,00970_20990909_L_CC_3_mask.png
55,00970_20990909_L_MLO_1_mask.png
56,00970_20990909_L_MLO_3_mask.png
57,01017_20990909_R_CC_1_mask.png
58,01017_20990909_R_CC_3_mask.png
59,01017_20990909_R_MLO_1_mask.png
60,01017_20990909_R_MLO_3_mask.png
61,01106_20990909_L_CC_2_mask.png
62,01106_20990909_L_MLO_2_mask.png
63,01244_20990909_L_MLO_1_mask.png
64,01274_20990909_R_MLO_1_mask.png
65,01310_20990909_L_CC_1_mask.png
66,01310_20990909_L_MLO_1_mask.png
67,01317_20990909_R_MLO_1_mask.png
68,01317_20990909_R_MLO_3_mask.png
69,01361_20990909_R_CC_2_mask.png
70,01361_20990909_R_MLO_3_mask.png
71,01368_20990909_L_CC_2_mask.png
72,01368_20990909_L_MLO_1_mask.png
73,01383_20990909_L_CC_1_mask.png
74,01383_20990909_L_CC_2_mask.png
75,01383_20990909_L_MLO_1_mask.png
76,01383_20990909_L_MLO_2_mask.png
77,01414_20990909_R_CC_2_mask.png
78,01414_20990909_R_MLO_2_mask.png
79,01414_20990909_R_MLO_3_mask.png
80,01433_20990909_R_CC_1_mask.png
81,01433_20990909_R_CC_2_mask.png
82,01433_20990909_R_MLO_1_mask.png
83,01433_20990909_R_MLO_2_mask.png
84,01471_20990909_L_CC_4_mask.png
85,01471_20990909_L_MLO_2_mask.png
86,01471_20990909_L_MLO_4_mask.png
87,01479_20990909_R_CC_3_mask.png
88,01479_20990909_R_MLO_1_mask.png
89,01532_20990909_R_CC_2_mask.png
90,01532_20990909_R_CC_3_mask.png
91,01532_20990909_R_MLO_3_mask.png
92,01567_20990909_L_CC_1_mask.png
93,01567_20990909_L_CC_2_mask.png
94,01567_20990909_L_MLO_1_mask.png
95,01567_20990909_L_MLO_2_mask.png
96,01698_20990909_R_MLO_2_mask.png
97,01709_20990909_L_CC_1_mask.png
98,01709_20990909_L_MLO_1_mask.png
99,01775_20990909_L_CC_2_mask.png
100,01775_20990909_L_MLO_1_mask.png
101,01845_20990909_L_CC_2_mask.png
102,01875_20990909_R_CC_1_mask.png
103,01875_20990909_R_MLO_1_mask.png
104,01879_20990909_L_CC_1_mask.png
105,01879_20990909_L_CC_2_mask.png
106,01879_20990909_L_MLO_1_mask.png
107,01879_20990909_L_MLO_2_mask.png
108,01910_20990909_R_CC_1_mask.png
109,01910_20990909_R_MLO_1_mask.png
110,01937_20990909_L_CC_1_mask.png
111,01937_20990909_L_CC_3_mask.png
112,01937_20990909_L_MLO_3_mask.png
113,01990_20990909_R_CC_1_mask.png
114,01990_20990909_R_CC_4_mask.png
115,01990_20990909_R_MLO_1_mask.png
116,01990_20990909_R_MLO_4_mask.png
117,02006_20990909_L_CC_1_mask.png
118,02006_20990909_L_MLO_1_mask.png
119,02006_20990909_L_MLO_2_mask.png
120,02019_20990909_R_MLO_1_mask.png
121,02040_20990909_L_CC_2_mask.png
122,02040_20990909_L_CC_3_mask.png
123,02040_20990909_L_MLO_2_mask.png
124,02040_20990909_L_MLO_3_mask.png
125,02075_20990909_L_MLO_2_mask.png
126,02085_20990909_L_CC_1_mask.png
127,02085_20990909_L_CC_2_mask.png
128,02085_20990909_L_MLO_1_mask.png
129,02190_20990909_R_CC_1_mask.png
130,02190_20990909_R_MLO_1_mask.png
131,02268_20990909_L_CC_1_mask.png
132,02309_20990909_L_CC_1_mask.png
133,02309_20990909_L_CC_2_mask.png
134,02309_20990909_L_MLO_1_mask.png
135,02309_20990909_L_MLO_2_mask.png
136,02388_20990909_R_CC_1_mask.png
137,02388_20990909_R_MLO_1_mask.png
138,02427_20990909_L_CC_1_mask.png
139,02427_20990909_L_MLO_1_mask.png
140,02427_20990909_L_MLO_2_mask.png
141,02428_20990909_R_CC_1_mask.png
142,02428_20990909_R_CC_2_mask.png
143,02428_20990909_R_MLO_1_mask.png
144,02428_20990909_R_MLO_2_mask.png
145,02459_20990909_R_CC_2_mask.png
146,02459_20990909_R_CC_4_mask.png
147,02459_20990909_R_MLO_2_mask.png
148,02459_20990909_R_MLO_4_mask.png
149,02536_20990909_R_CC_1_mask.png
150,02536_20990909_R_MLO_1_mask.png
151,02537_20990909_R_CC_2_mask.png
152,02555_20990909_L_CC_1_mask.png
153,02555_20990909_L_CC_2_mask.png
154,02555_20990909_L_MLO_1_mask.png
155,02555_20990909_L_MLO_2_mask.png
156,02561_20990909_L_CC_1_mask.png
157,02561_20990909_L_CC_3_mask.png
158,02561_20990909_L_MLO_1_mask.png
159,02561_20990909_L_MLO_3_mask.png
160,02622_20990909_R_CC_3_mask.png
161,02622_20990909_R_MLO_1_mask.png
162,02622_20990909_R_MLO_3_mask.png
163,02640_20990909_L_CC_1_mask.png
164,02651_20990909_R_CC_1_mask.png
165,02703_20990909_L_CC_1_mask.png
166,02703_20990909_L_CC_2_mask.png
167,02703_20990909_L_MLO_1_mask.png
168,02703_20990909_L_MLO_2_mask.png
169,02751_20990909_L_CC_2_mask.png
170,02751_20990909_L_MLO_1_mask.png
171,02761_20990909_R_CC_1_mask.png
172,02761_20990909_R_MLO_1_mask.png
173,02767_20990909_R_CC_1_mask.png
174,02767_20990909_R_CC_2_mask.png
175,02767_20990909_R_MLO_1_mask.png
176,02776_20990909_L_CC_1_mask.png
177,02776_20990909_L_MLO_1_mask.png
178,02819_20990909_L_CC_1_mask.png
179,02819_20990909_L_MLO_1_mask.png
180,02820_20990909_R_CC_1_mask.png
181,02820_20990909_R_CC_2_mask.png
182,02820_20990909_R_MLO_1_mask.png
183,02875_20990909_L_CC_1_mask.png
184,02875_20990909_L_CC_3_mask.png
185,02875_20990909_L_MLO_1_mask.png
186,02875_20990909_L_MLO_3_mask.png
187,02902_20990909_R_CC_1_mask.png
188,02902_20990909_R_MLO_1_mask.png
189,02903_20990909_L_CC_1_mask.png
190,02903_20990909_L_CC_2_mask.png
191,02903_20990909_L_MLO_1_mask.png
192,02903_20990909_L_MLO_2_mask.png
193,02911_20990909_L_CC_1_mask.png
194,02911_20990909_L_CC_4_mask.png
195,02911_20990909_L_MLO_1_mask.png
196,02911_20990909_L_MLO_4_mask.png
197,02947_20990909_R_CC_1_mask.png
198,02947_20990909_R_CC_2_mask.png
199,02947_20990909_R_MLO_1_mask.png
200,02947_20990909_R_MLO_2_mask.png
201,02954_20990909_R_CC_1_mask.png
202,02989_20990909_R_CC_1_mask.png
203,02989_20990909_R_MLO_1_mask.png
204,03018_20990909_L_CC_1_mask.png
205,03018_20990909_L_CC_2_mask.png
206,03018_20990909_L_MLO_1_mask.png
207,03018_20990909_L_MLO_2_mask.png
208,03025_20990909_L_CC_1_mask.png
209,03025_20990909_L_CC_2_mask.png
210,03025_20990909_L_MLO_1_mask.png
211,03025_20990909_L_MLO_2_mask.png
212,03052_20990909_L_CC_1_mask.png
213,03102_20990909_R_CC_1_mask.png
214,03102_20990909_R_MLO_1_mask.png
215,03102_20990909_R_MLO_3_mask.png
216,03185_20990909_R_CC_2_mask.png
217,03185_20990909_R_CC_3_mask.png
218,03185_20990909_R_MLO_2_mask.png
219,03185_20990909_R_MLO_3_mask.png
220,03241_20990909_L_CC_1_mask.png
221,03241_20990909_L_MLO_1_mask.png
222,03241_20990909_L_MLO_2_mask.png
223,03327_20990909_L_CC_1_mask.png
224,03327_20990909_L_CC_2_mask.png
225,03327_20990909_L_MLO_1_mask.png
226,03327_20990909_L_MLO_2_mask.png
227,03345_20990909_R_CC_1_mask.png
228,03345_20990909_R_CC_3_mask.png
229,03345_20990909_R_MLO_3_mask.png
230,03370_20990909_L_CC_1_mask.png
231,03370_20990909_L_MLO_1_mask.png
232,03373_20990909_L_CC_2_mask.png
233,03373_20990909_L_MLO_1_mask.png
234,03373_20990909_L_MLO_2_mask.png
235,03523_20990909_L_CC_1_mask.png
236,03523_20990909_L_CC_2_mask.png
237,03523_20990909_L_MLO_1_mask.png
238,03523_20990909_L_MLO_2_mask.png
239,03542_20990909_L_CC_1_mask.png
240,03542_20990909_L_MLO_1_mask.png
241,03545_20990909_L_CC_2_mask.png
242,03545_20990909_L_MLO_2_mask.png
243,03545_20990909_L_MLO_4_mask.png
244,03580_20990909_L_CC_2_mask.png
245,03580_20990909_L_MLO_2_mask.png
246,03636_20990909_R_CC_1_mask.png
247,03636_20990909_R_MLO_1_mask.png
248,03636_20990909_R_MLO_2_mask.png
249,03697_20990909_R_CC_1_mask.png
250,03697_20990909_R_MLO_1_mask.png
251,03704_20990909_L_CC_1_mask.png
252,03704_20990909_L_MLO_1_mask.png
253,03733_20990909_L_CC_2_mask.png
254,03751_20990909_R_CC_1_mask.png
255,03751_20990909_R_MLO_1_mask.png
256,03785_20990909_R_CC_1_mask.png
257,03785_20990909_R_MLO_1_mask.png
258,03804_20990909_L_CC_1_mask.png
259,03804_20990909_L_MLO_1_mask.png
260,03809_20990909_R_CC_1_mask.png
261,03809_20990909_R_CC_2_mask.png
262,03809_20990909_R_MLO_1_mask.png
263,03809_20990909_R_MLO_2_mask.png
264,03815_20990909_R_CC_1_mask.png
265,03815_20990909_R_MLO_1_mask.png
266,03817_20990909_L_CC_1_mask.png
267,03861_20990909_R_MLO_3_mask.png
268,03964_20990909_R_MLO_1_mask.png
269,03964_20990909_R_MLO_2_mask.png
270,03968_20990909_L_CC_2_mask.png
271,03968_20990909_L_MLO_2_mask.png
272,03993_20990909_R_CC_1_mask.png
273,04077_20990909_L_CC_1_mask.png
274,04077_20990909_L_CC_3_mask.png
275,04077_20990909_L_MLO_1_mask.png
276,04077_20990909_L_MLO_3_mask.png
277,04103_20990909_L_CC_1_mask.png
278,04103_20990909_L_CC_2_mask.png
279,04103_20990909_L_MLO_1_mask.png
280,04103_20990909_L_MLO_2_mask.png
281,04121_20990909_R_CC_1_mask.png
282,04121_20990909_R_CC_3_mask.png
283,04121_20990909_R_MLO_1_mask.png
284,04121_20990909_R_MLO_3_mask.png
285,04181_20990909_L_CC_1_mask.png
286,04181_20990909_L_MLO_1_mask.png
287,04220_20990909_R_CC_1_mask.png
288,04220_20990909_R_MLO_1_mask.png
289,04301_20990909_R_CC_2_mask.png
290,04301_20990909_R_MLO_2_mask.png
291,04325_20990909_R_CC_1_mask.png
292,04325_20990909_R_MLO_1_mask.png
293,04325_20990909_R_MLO_2_mask.png
294,04379_20990909_L_CC_1_mask.png
295,04379_20990909_L_MLO_1_mask.png
296,04416_20990909_L_CC_1_mask.png
297,04416_20990909_L_CC_3_mask.png
298,04424_20990909_L_CC_1_mask.png
299,04424_20990909_L_MLO_1_mask.png
300,04439_20990909_R_CC_1_mask.png
301,04439_20990909_R_CC_2_mask.png
302,04439_20990909_R_MLO_1_mask.png
303,04462_20990909_R_CC_1_mask.png
304,04462_20990909_R_MLO_1_mask.png
305,04465_20990909_R_CC_1_mask.png
306,04465_20990909_R_CC_2_mask.png
307,04465_20990909_R_MLO_1_mask.png
308,04465_20990909_R_MLO_2_mask.png
309,04477_20990909_R_CC_1_mask.png
310,04477_20990909_R_MLO_1_mask.png
311,04532_20990909_R_CC_1_mask.png
312,04532_20990909_R_MLO_1_mask.png
313,04540_20990909_R_CC_1_mask.png
314,04540_20990909_R_MLO_1_mask.png
315,04559_20990909_R_CC_1_mask.png
316,04559_20990909_R_CC_3_mask.png
317,04559_20990909_R_MLO_3_mask.png
318,04569_20990909_L_CC_1_mask.png
319,04569_20990909_L_MLO_1_mask.png
320,04627_20990909_R_CC_3_mask.png
321,04627_20990909_R_MLO_3_mask.png
322,04640_20990909_R_CC_1_mask.png
323,04640_20990909_R_MLO_1_mask.png
324,04665_20990909_R_CC_1_mask.png
325,04665_20990909_R_CC_2_mask.png
326,04665_20990909_R_MLO_1_mask.png
327,04665_20990909_R_MLO_2_mask.png
328,04684_20990909_L_MLO_1_mask.png
329,04684_20990909_L_MLO_3_mask.png
330,04728_20990909_L_CC_1_mask.png
331,04728_20990909_L_MLO_1_mask.png
332,04736_20990909_L_CC_1_mask.png
333,04736_20990909_L_MLO_1_mask.png
334,04770_20990909_R_CC_1_mask.png
335,04770_20990909_R_MLO_1_mask.png
336,04808_20990909_L_CC_2_mask.png
337,04808_20990909_L_MLO_1_mask.png
338,04808_20990909_L_MLO_2_mask.png
339,04829_20990909_L_CC_1_mask.png
340,04829_20990909_L_CC_2_mask.png
341,04829_20990909_L_MLO_1_mask.png
342,04877_20990909_R_CC_1_mask.png
343,05021_20990909_R_CC_1_mask.png
344,05021_20990909_R_MLO_1_mask.png
345,05029_20990909_L_MLO_1_mask.png
346,05045_20990909_R_CC_1_mask.png
347,05045_20990909_R_CC_3_mask.png
348,05045_20990909_R_MLO_1_mask.png
349,05045_20990909_R_MLO_3_mask.png
350,05109_20990909_R_CC_1_mask.png
351,05109_20990909_R_CC_3_mask.png
352,05109_20990909_R_MLO_1_mask.png
353,05109_20990909_R_MLO_3_mask.png
354,05240_20990909_L_CC_2_mask.png
355,05240_20990909_L_MLO_2_mask.png
356,05264_20990909_L_CC_1_mask.png
357,05264_20990909_L_MLO_1_mask.png
358,05275_20990909_R_CC_1_mask.png
359,05275_20990909_R_CC_2_mask.png
360,05275_20990909_R_MLO_1_mask.png
361,05275_20990909_R_MLO_2_mask.png
362,05288_20990909_L_CC_1_mask.png
363,05288_20990909_L_CC_3_mask.png
364,05288_20990909_L_MLO_1_mask.png
365,05288_20990909_L_MLO_3_mask.png
366,05296_20990909_L_CC_1_mask.png
367,05296_20990909_L_CC_2_mask.png
368,05296_20990909_L_MLO_1_mask.png
369,05296_20990909_L_MLO_2_mask.png
370,05305_20990909_R_CC_1_mask.png
371,05327_20990909_R_CC_1_mask.png
372,05327_20990909_R_CC_2_mask.png
373,05327_20990909_R_MLO_2_mask.png
374,05344_20990909_R_CC_1_mask.png
375,05344_20990909_R_CC_3_mask.png
376,05344_20990909_R_MLO_1_mask.png
377,05344_20990909_R_MLO_3_mask.png
378,05363_20990909_R_CC_1_mask.png
379,05363_20990909_R_CC_3_mask.png
380,05363_20990909_R_MLO_1_mask.png
381,05363_20990909_R_MLO_3_mask.png
382,05399_20990909_L_CC_1_mask.png
383,05399_20990909_L_CC_2_mask.png
384,05399_20990909_L_MLO_1_mask.png
385,05399_20990909_L_MLO_2_mask.png
386,05499_20990909_L_CC_1_mask.png
387,05499_20990909_L_MLO_1_mask.png
388,05558_20990909_R_CC_1_mask.png
389,05558_20990909_R_CC_2_mask.png
390,05558_20990909_R_MLO_1_mask.png
391,05558_20990909_R_MLO_2_mask.png
392,05574_20990909_R_CC_1_mask.png
393,05574_20990909_R_MLO_1_mask.png
394,05591_20990909_L_CC_2_mask.png
395,05591_20990909_L_CC_3_mask.png
396,05591_20990909_L_MLO_2_mask.png
397,05591_20990909_L_MLO_3_mask.png
398,05632_20990909_L_CC_1_mask.png
399,05632_20990909_L_CC_2_mask.png
400,05632_20990909_L_MLO_1_mask.png
401,05632_20990909_L_MLO_2_mask.png
402,05655_20990909_R_CC_1_mask.png
403,05655_20990909_R_CC_2_mask.png
404,05655_20990909_R_MLO_1_mask.png
405,05655_20990909_R_MLO_2_mask.png
406,05762_20990909_R_CC_1_mask.png
407,05762_20990909_R_MLO_1_mask.png
408,05816_20990909_L_CC_1_mask.png
409,05816_20990909_L_MLO_1_mask.png
410,05832_20990909_R_CC_1_mask.png
411,05832_20990909_R_MLO_1_mask.png
412,05833_20990909_L_CC_1_mask.png
413,05837_20990909_L_CC_1_mask.png
414,05837_20990909_L_MLO_1_mask.png
415,05846_20990909_L_CC_1_mask.png
416,05846_20990909_L_MLO_1_mask.png
417,05861_20990909_L_CC_1_mask.png
418,05861_20990909_L_CC_2_mask.png
419,05861_20990909_L_MLO_2_mask.png
420,05897_20990909_R_CC_1_mask.png
421,05897_20990909_R_CC_2_mask.png
422,05897_20990909_R_MLO_1_mask.png
423,05897_20990909_R_MLO_2_mask.png
424,05917_20990909_L_CC_1_mask.png
425,05917_20990909_L_MLO_1_mask.png
426,05975_20990909_L_CC_1_mask.png
427,05975_20990909_L_CC_2_mask.png
428,05975_20990909_L_MLO_1_mask.png
429,05975_20990909_L_MLO_2_mask.png
430,06013_20990909_R_CC_1_mask.png
431,06013_20990909_R_CC_3_mask.png
432,06013_20990909_R_MLO_1_mask.png
433,06013_20990909_R_MLO_3_mask.png
434,06131_20990909_R_CC_1_mask.png
435,06131_20990909_R_CC_3_mask.png
436,06131_20990909_R_MLO_1_mask.png
437,06131_20990909_R_MLO_3_mask.png
438,06167_20990909_R_CC_1_mask.png
439,06167_20990909_R_MLO_1_mask.png
440,06168_20990909_L_CC_1_mask.png
441,06168_20990909_L_MLO_1_mask.png
442,06180_20990909_R_CC_1_mask.png
443,06180_20990909_R_MLO_1_mask.png
444,06247_20990909_L_CC_1_mask.png
445,06247_20990909_L_MLO_1_mask.png
446,06271_20990909_L_CC_1_mask.png
447,06271_20990909_L_CC_2_mask.png
448,06271_20990909_L_MLO_1_mask.png
449,06271_20990909_L_MLO_2_mask.png
450,06275_20990909_R_CC_1_mask.png
451,06275_20990909_R_CC_3_mask.png
452,06275_20990909_R_MLO_1_mask.png
453,06275_20990909_R_MLO_3_mask.png
454,06276_20990909_L_CC_2_mask.png
455,06276_20990909_L_MLO_2_mask.png
456,06326_20990909_L_CC_1_mask.png
457,06326_20990909_L_CC_2_mask.png
458,06326_20990909_L_MLO_1_mask.png
459,06326_20990909_L_MLO_2_mask.png
460,06328_20990909_L_CC_1_mask.png
461,06328_20990909_L_CC_3_mask.png
462,06328_20990909_L_MLO_1_mask.png
463,06328_20990909_L_MLO_3_mask.png
464,06374_20990909_L_CC_1_mask.png
465,06374_20990909_L_CC_2_mask.png
466,06374_20990909_L_MLO_1_mask.png
467,06374_20990909_L_MLO_2_mask.png
468,06383_20990909_R_CC_1_mask.png
469,06383_20990909_R_CC_2_mask.png
470,06383_20990909_R_MLO_1_mask.png
471,06383_20990909_R_MLO_2_mask.png
472,06439_20990909_L_CC_1_mask.png
473,06439_20990909_L_CC_3_mask.png
474,06439_20990909_L_MLO_1_mask.png
475,06439_20990909_L_MLO_3_mask.png
476,06451_20990909_L_CC_2_mask.png
477,06451_20990909_L_CC_3_mask.png
478,06451_20990909_L_MLO_2_mask.png
479,06451_20990909_L_MLO_3_mask.png
480,06486_20990909_R_CC_1_mask.png
481,06486_20990909_R_CC_2_mask.png
482,06486_20990909_R_MLO_1_mask.png
483,06486_20990909_R_MLO_2_mask.png
484,06491_20990909_L_CC_1_mask.png
485,06491_20990909_L_MLO_1_mask.png
486,06497_20990909_L_CC_1_mask.png
487,06497_20990909_L_MLO_1_mask.png
488,06508_20990909_R_MLO_1_mask.png
489,06545_20990909_R_CC_1_mask.png
490,06545_20990909_R_MLO_1_mask.png
491,06573_20990909_L_CC_1_mask.png
492,06573_20990909_L_CC_3_mask.png
493,06573_20990909_L_MLO_1_mask.png
494,06573_20990909_L_MLO_3_mask.png
495,06587_20990909_R_CC_1_mask.png
496,06587_20990909_R_MLO_1_mask.png
497,06638_20990909_R_CC_1_mask.png
498,06638_20990909_R_CC_2_mask.png
499,06638_20990909_R_MLO_1_mask.png
500,06638_20990909_R_MLO_2_mask.png
501,06704_20990909_R_CC_1_mask.png
502,06704_20990909_R_MLO_1_mask.png
503,06730_20990909_L_CC_1_mask.png
504,06730_20990909_L_CC_3_mask.png
505,06730_20990909_L_MLO_1_mask.png
506,06730_20990909_L_MLO_3_mask.png
507,06740_20990909_L_CC_2_mask.png
508,06740_20990909_L_CC_3_mask.png
509,06740_20990909_L_MLO_2_mask.png
510,06740_20990909_L_MLO_3_mask.png
511,06777_20990909_R_CC_1_mask.png
512,06777_20990909_R_MLO_1_mask.png
513,06790_20990909_L_CC_1_mask.png
514,06790_20990909_L_MLO_1_mask.png
515,06798_20990909_L_CC_2_mask.png
516,06798_20990909_L_MLO_2_mask.png
517,06895_20990909_R_CC_2_mask.png
518,06895_20990909_R_CC_3_mask.png
519,06895_20990909_R_MLO_2_mask.png
520,06895_20990909_R_MLO_3_mask.png
521,06974_20990909_R_CC_2_mask.png
522,06974_20990909_R_CC_3_mask.png
523,06974_20990909_R_MLO_2_mask.png
524,06976_20990909_L_CC_1_mask.png
525,06976_20990909_L_MLO_1_mask.png
526,06980_20990909_L_CC_1_mask.png
527,06980_20990909_L_CC_3_mask.png
528,07009_20990909_R_MLO_1_mask.png
529,07057_20990909_L_CC_1_mask.png
530,07057_20990909_L_MLO_1_mask.png
531,07117_20990909_R_CC_1_mask.png
532,07117_20990909_R_MLO_1_mask.png
533,07156_20990909_R_CC_1_mask.png
534,07156_20990909_R_CC_2_mask.png
535,07156_20990909_R_MLO_1_mask.png
536,07156_20990909_R_MLO_2_mask.png
537,07165_20990909_L_CC_1_mask.png
538,07165_20990909_L_MLO_1_mask.png
539,07182_20990909_L_CC_1_mask.png
540,07182_20990909_L_MLO_1_mask.png
541,07213_20990909_L_MLO_1_mask.png
542,07216_20990909_L_CC_1_mask.png
543,07217_20990909_R_CC_1_mask.png
544,07217_20990909_R_MLO_1_mask.png
545,07222_20990909_R_CC_1_mask.png
546,07222_20990909_R_MLO_1_mask.png
547,07224_20990909_L_CC_1_mask.png
548,07224_20990909_L_MLO_1_mask.png
549,07284_20990909_R_CC_1_mask.png
550,07284_20990909_R_MLO_1_mask.png
551,07311_20990909_L_CC_1_mask.png
552,07311_20990909_L_MLO_1_mask.png
553,07331_20990909_R_CC_1_mask.png
554,07331_20990909_R_MLO_1_mask.png
555,07475_20990909_L_CC_1_mask.png
556,07475_20990909_L_MLO_1_mask.png
557,07476_20990909_L_CC_1_mask.png
558,07476_20990909_L_CC_2_mask.png
559,07476_20990909_L_MLO_1_mask.png
560,07476_20990909_L_MLO_2_mask.png
561,07488_20990909_L_CC_1_mask.png
562,07488_20990909_L_CC_2_mask.png
563,07488_20990909_L_MLO_1_mask.png
564,07488_20990909_L_MLO_2_mask.png
565,07546_20990909_L_CC_2_mask.png
566,07546_20990909_L_MLO_2_mask.png
567,07602_20990909_R_CC_1_mask.png
568,07602_20990909_R_MLO_1_mask.png
569,07653_20990909_L_CC_1_mask.png
570,07653_20990909_L_MLO_1_mask.png
571,07699_20990909_L_CC_1_mask.png
572,07699_20990909_L_MLO_1_mask.png
573,07721_20990909_R_CC_1_mask.png
574,07721_20990909_R_MLO_1_mask.png
575,07739_20990909_R_CC_1_mask.png
576,07739_20990909_R_CC_2_mask.png
577,07739_20990909_R_MLO_1_mask.png
578,07739_20990909_R_MLO_2_mask.png
579,07744_20990909_R_CC_1_mask.png
580,07744_20990909_R_MLO_1_mask.png
581,07775_20990909_R_CC_1_mask.png
582,07775_20990909_R_MLO_1_mask.png
583,07778_20990909_L_CC_3_mask.png
584,07778_20990909_L_MLO_3_mask.png
585,07794_20990909_R_CC_3_mask.png
586,07794_20990909_R_MLO_1_mask.png
587,07794_20990909_R_MLO_3_mask.png
588,07855_20990909_L_CC_1_mask.png
589,07855_20990909_L_CC_2_mask.png
590,07855_20990909_L_MLO_1_mask.png
591,07855_20990909_L_MLO_2_mask.png
592,07857_20990909_R_CC_1_mask.png
593,07857_20990909_R_MLO_1_mask.png
594,07870_20990909_R_CC_1_mask.png
595,07870_20990909_R_CC_2_mask.png
596,07870_20990909_R_MLO_1_mask.png
597,07870_20990909_R_MLO_2_mask.png
598,07877_20990909_L_CC_1_mask.png
599,07877_20990909_L_CC_2_mask.png
600,07877_20990909_L_MLO_1_mask.png
601,07877_20990909_L_MLO_2_mask.png
602,07885_20990909_R_MLO_1_mask.png
603,07906_20990909_L_CC_1_mask.png
604,07906_20990909_L_MLO_1_mask.png
605,07911_20990909_R_CC_1_mask.png
606,07911_20990909_R_MLO_1_mask.png
607,07941_20990909_L_CC_1_mask.png
608,07941_20990909_L_CC_3_mask.png
609,07941_20990909_L_MLO_1_mask.png
610,07941_20990909_L_MLO_3_mask.png
611,07964_20990909_L_CC_1_mask.png
612,07964_20990909_L_CC_2_mask.png
613,07964_20990909_L_MLO_1_mask.png
614,07964_20990909_L_MLO_2_mask.png
615,08001_20990909_R_CC_1_mask.png
616,08001_20990909_R_CC_2_mask.png
617,08001_20990909_R_MLO_1_mask.png
618,08001_20990909_R_MLO_2_mask.png
619,08051_20990909_L_CC_1_mask.png
620,08051_20990909_L_CC_2_mask.png
621,08051_20990909_L_MLO_1_mask.png
622,08051_20990909_L_MLO_2_mask.png
623,08061_20990909_R_CC_1_mask.png
624,08061_20990909_R_CC_3_mask.png
625,08061_20990909_R_MLO_1_mask.png
626,08061_20990909_R_MLO_3_mask.png
627,08072_20990909_R_CC_1_mask.png
628,08072_20990909_R_CC_3_mask.png
629,08072_20990909_R_MLO_1_mask.png
630,08072_20990909_R_MLO_3_mask.png
631,08081_20990909_R_CC_1_mask.png
632,08081_20990909_R_CC_2_mask.png
633,08081_20990909_R_MLO_1_mask.png
634,08081_20990909_R_MLO_2_mask.png
635,08086_20990909_R_CC_1_mask.png
636,08086_20990909_R_CC_2_mask.png
637,08086_20990909_R_MLO_1_mask.png
638,08086_20990909_R_MLO_2_mask.png
639,08124_20990909_R_CC_1_mask.png
640,08124_20990909_R_CC_2_mask.png
641,08124_20990909_R_MLO_1_mask.png
642,08124_20990909_R_MLO_2_mask.png
643,08129_20990909_R_CC_1_mask.png
644,08129_20990909_R_MLO_1_mask.png
645,08133_20990909_R_CC_1_mask.png
646,08133_20990909_R_MLO_1_mask.png
647,08167_20990909_L_CC_1_mask.png
648,08167_20990909_L_MLO_1_mask.png
649,08212_20990909_L_CC_1_mask.png
650,08212_20990909_L_MLO_1_mask.png
651,08254_20990909_L_CC_1_mask.png
652,08254_20990909_L_MLO_1_mask.png
653,08311_20990909_R_CC_2_mask.png
654,08311_20990909_R_MLO_2_mask.png
655,08402_20990909_L_CC_1_mask.png
656,08402_20990909_L_CC_2_mask.png
657,08402_20990909_L_MLO_1_mask.png
658,08436_20990909_L_CC_1_mask.png
659,08436_20990909_L_MLO_1_mask.png
660,08465_20990909_R_CC_1_mask.png
661,08465_20990909_R_MLO_1_mask.png
662,08469_20990909_L_CC_1_mask.png
663,08469_20990909_L_MLO_1_mask.png
664,08506_20990909_L_CC_2_mask.png
665,08506_20990909_L_CC_4_mask.png
666,08506_20990909_L_MLO_2_mask.png
667,08529_20990909_R_CC_1_mask.png
668,08529_20990909_R_CC_2_mask.png
669,08529_20990909_R_MLO_1_mask.png
670,08529_20990909_R_MLO_2_mask.png
671,08537_20990909_L_CC_1_mask.png
672,08537_20990909_L_MLO_1_mask.png
673,08564_20990909_R_CC_1_mask.png
674,08564_20990909_R_MLO_1_mask.png
675,08571_20990909_R_CC_1_mask.png
676,08571_20990909_R_MLO_1_mask.png
677,08645_20990909_L_CC_1_mask.png
678,08645_20990909_L_CC_2_mask.png
679,08645_20990909_L_MLO_1_mask.png
680,08645_20990909_L_MLO_2_mask.png
681,08659_20990909_L_CC_1_mask.png
682,08659_20990909_L_CC_2_mask.png
683,08659_20990909_L_MLO_1_mask.png
684,08674_20990909_R_CC_1_mask.png
685,08674_20990909_R_MLO_1_mask.png
686,08674_20990909_R_MLO_3_mask.png
687,08760_20990909_L_CC_2_mask.png
688,08760_20990909_L_MLO_2_mask.png
689,08791_20990909_R_CC_1_mask.png
690,08791_20990909_R_CC_2_mask.png
691,08791_20990909_R_MLO_1_mask.png
692,08791_20990909_R_MLO_2_mask.png
693,08793_20990909_R_CC_1_mask.png
694,08793_20990909_R_MLO_1_mask.png
695,08809_20990909_R_CC_1_mask.png
696,08809_20990909_R_MLO_1_mask.png
697,08866_20990909_L_CC_1_mask.png
698,08866_20990909_L_CC_2_mask.png
699,08866_20990909_L_MLO_1_mask.png
700,08866_20990909_L_MLO_2_mask.png
701,08882_20990909_L_CC_1_mask.png
702,08882_20990909_L_CC_2_mask.png
703,08882_20990909_L_MLO_1_mask.png
704,08882_20990909_L_MLO_2_mask.png
705,08936_20990909_R_CC_1_mask.png
706,08945_20990909_L_CC_1_mask.png
707,08945_20990909_L_CC_2_mask.png
708,08945_20990909_L_MLO_1_mask.png
709,08945_20990909_L_MLO_2_mask.png
710,08988_20990909_L_CC_1_mask.png
711,08988_20990909_L_MLO_1_mask.png
712,09037_20990909_R_CC_1_mask.png
713,09037_20990909_R_MLO_1_mask.png
714,09072_20990909_R_CC_1_mask.png
715,09072_20990909_R_CC_2_mask.png
716,09072_20990909_R_MLO_1_mask.png
717,09072_20990909_R_MLO_2_mask.png
718,09073_20990909_R_CC_2_mask.png
719,09073_20990909_R_CC_4_mask.png
720,09073_20990909_R_MLO_2_mask.png
721,09073_20990909_R_MLO_4_mask.png
722,09074_20990909_L_CC_1_mask.png
723,09074_20990909_L_MLO_1_mask.png
724,09085_20990909_R_CC_1_mask.png
725,09085_20990909_R_MLO_1_mask.png
726,09100_20990909_L_CC_2_mask.png
727,09100_20990909_L_CC_3_mask.png
728,09100_20990909_L_MLO_2_mask.png
729,09100_20990909_L_MLO_3_mask.png
730,09103_20990909_L_CC_1_mask.png
731,09103_20990909_L_MLO_1_mask.png
732,09126_20990909_L_CC_1_mask.png
733,09126_20990909_L_MLO_1_mask.png
734,09172_20990909_L_CC_1_mask.png
735,09172_20990909_L_MLO_1_mask.png
736,09204_20990909_R_CC_1_mask.png
737,09204_20990909_R_MLO_1_mask.png
738,09220_20990909_L_CC_1_mask.png
739,09220_20990909_L_CC_3_mask.png
740,09220_20990909_L_MLO_1_mask.png
741,09220_20990909_L_MLO_3_mask.png
742,09221_20990909_L_CC_1_mask.png
743,09221_20990909_L_CC_2_mask.png
744,09221_20990909_L_MLO_1_mask.png
745,09221_20990909_L_MLO_2_mask.png
746,09248_20990909_R_CC_1_mask.png
747,09248_20990909_R_MLO_1_mask.png
748,09259_20990909_R_CC_1_mask.png
749,09259_20990909_R_CC_3_mask.png
750,09259_20990909_R_MLO_1_mask.png
751,09259_20990909_R_MLO_3_mask.png
752,09270_20990909_R_CC_3_mask.png
753,09270_20990909_R_CC_4_mask.png
754,09270_20990909_R_MLO_3_mask.png
755,09270_20990909_R_MLO_4_mask.png
756,09278_20990909_L_CC_3_mask.png
757,09278_20990909_L_CC_4_mask.png
758,09278_20990909_L_MLO_3_mask.png
759,09278_20990909_L_MLO_4_mask.png
760,09296_20990909_L_CC_1_mask.png
761,09296_20990909_L_CC_2_mask.png
762,09296_20990909_L_MLO_1_mask.png
763,09296_20990909_L_MLO_2_mask.png
764,09349_20990909_R_CC_1_mask.png
765,09349_20990909_R_CC_2_mask.png
766,09349_20990909_R_MLO_1_mask.png
767,09349_20990909_R_MLO_2_mask.png
768,09381_20990909_R_CC_1_mask.png
769,09381_20990909_R_MLO_1_mask.png
770,09391_20990909_R_CC_2_mask.png
771,09391_20990909_R_CC_3_mask.png
772,09391_20990909_R_MLO_2_mask.png
773,09391_20990909_R_MLO_3_mask.png
774,09436_20990909_L_CC_1_mask.png
775,09436_20990909_L_CC_2_mask.png
776,09436_20990909_L_MLO_1_mask.png
777,09436_20990909_L_MLO_2_mask.png
778,09444_20990909_R_CC_1_mask.png
779,09444_20990909_R_MLO_1_mask.png
780,09501_20990909_L_CC_1_mask.png
781,09501_20990909_L_MLO_1_mask.png
782,09518_20990909_R_CC_1_mask.png
783,09518_20990909_R_CC_2_mask.png
784,09518_20990909_R_MLO_1_mask.png
785,09518_20990909_R_MLO_2_mask.png
786,09521_20990909_R_CC_1_mask.png
787,09521_20990909_R_CC_2_mask.png
788,09521_20990909_R_MLO_1_mask.png
789,09521_20990909_R_MLO_2_mask.png
790,09537_20990909_R_CC_1_mask.png
791,09537_20990909_R_CC_3_mask.png
792,09537_20990909_R_MLO_1_mask.png
793,09537_20990909_R_MLO_3_mask.png
794,09560_20990909_R_CC_1_mask.png
795,09560_20990909_R_MLO_1_mask.png
796,09566_20990909_R_CC_1_mask.png
797,09566_20990909_R_CC_2_mask.png
798,09566_20990909_R_MLO_1_mask.png
799,09566_20990909_R_MLO_2_mask.png
800,09601_20990909_R_CC_1_mask.png
801,09601_20990909_R_CC_2_mask.png
802,09601_20990909_R_MLO_1_mask.png
803,09601_20990909_R_MLO_2_mask.png
804,09603_20990909_R_CC_1_mask.png
805,09603_20990909_R_MLO_1_mask.png
806,09616_20990909_L_CC_1_mask.png
807,09616_20990909_L_MLO_1_mask.png
808,09639_20990909_L_CC_1_mask.png
809,09639_20990909_L_CC_2_mask.png
810,09639_20990909_L_MLO_1_mask.png
811,09639_20990909_L_MLO_2_mask.png
812,09664_20990909_R_CC_1_mask.png
813,09664_20990909_R_CC_2_mask.png
814,09664_20990909_R_MLO_1_mask.png
815,09664_20990909_R_MLO_2_mask.png
816,09703_20990909_R_CC_1_mask.png
817,09703_20990909_R_MLO_1_mask.png
818,09703_20990909_R_MLO_2_mask.png
819,09725_20990909_R_CC_1_mask.png
820,09725_20990909_R_CC_2_mask.png
821,09725_20990909_R_MLO_1_mask.png
822,09725_20990909_R_MLO_2_mask.png
823,09730_20990909_L_CC_1_mask.png
824,09730_20990909_L_MLO_1_mask.png
825,09776_20990909_R_CC_1_mask.png
826,09776_20990909_R_CC_2_mask.png
827,09776_20990909_R_MLO_1_mask.png
828,09776_20990909_R_MLO_2_mask.png
829,09791_20990909_R_CC_1_mask.png
830,09791_20990909_R_MLO_1_mask.png
831,09838_20990909_R_CC_1_mask.png
832,09838_20990909_R_CC_2_mask.png
833,09838_20990909_R_MLO_2_mask.png
834,09847_20990909_L_CC_1_mask.png
835,09856_20990909_L_CC_1_mask.png
836,09856_20990909_L_MLO_1_mask.png
837,09908_20990909_R_CC_1_mask.png
838,09908_20990909_R_CC_3_mask.png
839,09908_20990909_R_MLO_1_mask.png
840,09908_20990909_R_MLO_3_mask.png
841,09932_20990909_R_CC_1_mask.png
842,09932_20990909_R_MLO_1_mask.png
843,09936_20990909_R_CC_1_mask.png
844,09936_20990909_R_MLO_1_mask.png
845,09961_20990909_R_CC_1_mask.png
846,09961_20990909_R_MLO_1_mask.png
847,09989_20990909_L_CC_1_mask.png
848,09989_20990909_L_CC_2_mask.png
849,09989_20990909_L_MLO_1_mask.png
850,09989_20990909_L_MLO_2_mask.png
851,09997_20990909_L_CC_1_mask.png
852,09997_20990909_L_MLO_1_mask.png
853,09998_20990909_L_CC_1_mask.png
854,09998_20990909_L_MLO_1_mask.png
855,10023_20990909_R_CC_1_mask.png
856,10023_20990909_R_MLO_1_mask.png
857,10037_20990909_R_CC_1_mask.png
858,10037_20990909_R_MLO_1_mask.png
859,10040_20990909_L_CC_1_mask.png
860,10040_20990909_L_MLO_1_mask.png
861,10047_20990909_L_CC_2_mask.png
862,10047_20990909_L_MLO_2_mask.png
863,10048_20990909_R_CC_1_mask.png
864,10048_20990909_R_MLO_1_mask.png
865,10071_20990909_R_CC_1_mask.png
866,10071_20990909_R_MLO_1_mask.png
867,10080_20990909_R_CC_1_mask.png
868,10080_20990909_R_CC_2_mask.png
869,10080_20990909_R_MLO_1_mask.png
870,10080_20990909_R_MLO_2_mask.png
871,10118_20990909_L_CC_1_mask.png
872,10118_20990909_L_MLO_1_mask.png
873,10156_20990909_R_CC_2_mask.png
874,10184_20990909_R_CC_1_mask.png
875,10184_20990909_R_CC_2_mask.png
876,10184_20990909_R_MLO_1_mask.png
877,10184_20990909_R_MLO_2_mask.png
878,10199_20990909_R_MLO_1_mask.png
879,10202_20990909_L_CC_1_mask.png
880,10202_20990909_L_MLO_1_mask.png
881,10220_20990909_L_CC_1_mask.png
882,10220_20990909_L_CC_2_mask.png
883,10220_20990909_L_MLO_1_mask.png
884,10220_20990909_L_MLO_2_mask.png
885,10252_20990909_L_CC_1_mask.png
886,10252_20990909_L_MLO_1_mask.png
887,10265_20990909_L_CC_1_mask.png
888,10265_20990909_L_CC_2_mask.png
889,10265_20990909_L_MLO_1_mask.png
890,10266_20990909_R_CC_1_mask.png
891,10266_20990909_R_MLO_1_mask.png
892,10270_20990909_R_CC_1_mask.png
893,10270_20990909_R_MLO_1_mask.png
894,10302_20990909_L_CC_1_mask.png
895,10326_20990909_L_CC_2_mask.png
896,10326_20990909_L_CC_3_mask.png
897,10326_20990909_L_MLO_2_mask.png
898,10326_20990909_L_MLO_3_mask.png
899,10328_20990909_L_CC_1_mask.png
900,10328_20990909_L_MLO_1_mask.png
901,10342_20990909_L_CC_1_mask.png
902,10342_20990909_L_MLO_1_mask.png
903,10350_20990909_L_CC_1_mask.png
904,10350_20990909_L_CC_2_mask.png
905,10350_20990909_L_MLO_1_mask.png
906,10350_20990909_L_MLO_2_mask.png
907,10362_20990909_L_CC_1_mask.png
908,10362_20990909_L_MLO_1_mask.png
909,10370_20990909_L_CC_1_mask.png
910,10370_20990909_L_MLO_1_mask.png
911,10372_20990909_R_CC_1_mask.png
912,10372_20990909_R_MLO_1_mask.png
913,10392_20990909_R_CC_1_mask.png
914,10392_20990909_R_MLO_1_mask.png
915,10410_20990909_R_CC_1_mask.png
916,10410_20990909_R_CC_2_mask.png
917,10410_20990909_R_MLO_1_mask.png
918,10410_20990909_R_MLO_2_mask.png
919,10427_20990909_L_CC_1_mask.png
920,10427_20990909_L_CC_2_mask.png
921,10427_20990909_L_MLO_1_mask.png
922,10427_20990909_L_MLO_2_mask.png
923,10452_20990909_R_CC_1_mask.png
924,10452_20990909_R_MLO_1_mask.png
925,10469_20990909_R_CC_2_mask.png
926,10478_20990909_L_CC_1_mask.png
927,10478_20990909_L_MLO_1_mask.png
928,10493_20990909_R_CC_1_mask.png
929,10493_20990909_R_MLO_1_mask.png
930,10499_20990909_L_CC_1_mask.png
931,10547_20990909_L_CC_1_mask.png
932,10547_20990909_L_MLO_1_mask.png
933,10566_20990909_L_CC_1_mask.png
934,10566_20990909_L_MLO_1_mask.png
935,10600_20990909_R_CC_1_mask.png
936,10600_20990909_R_MLO_1_mask.png
937,10611_20990909_R_CC_1_mask.png
938,10611_20990909_R_MLO_1_mask.png
939,10613_20990909_L_CC_1_mask.png
940,10613_20990909_L_MLO_1_mask.png
941,10616_20990909_R_CC_1_mask.png
942,10616_20990909_R_MLO_1_mask.png
943,10630_20990909_R_CC_2_mask.png
944,10630_20990909_R_MLO_2_mask.png
945,10669_20990909_R_CC_1_mask.png
946,10669_20990909_R_MLO_1_mask.png
947,10676_20990909_R_CC_1_mask.png
948,10676_20990909_R_MLO_1_mask.png
949,10683_20990909_R_CC_1_mask.png
950,10683_20990909_R_CC_2_mask.png
951,10683_20990909_R_MLO_1_mask.png
952,10683_20990909_R_MLO_2_mask.png
953,10704_20990909_R_CC_1_mask.png
954,10704_20990909_R_MLO_1_mask.png
955,10708_20990909_L_CC_1_mask.png
956,10708_20990909_L_MLO_1_mask.png
957,10748_20990909_R_CC_1_mask.png
958,10748_20990909_R_CC_2_mask.png
959,10748_20990909_R_MLO_1_mask.png
960,10748_20990909_R_MLO_2_mask.png
961,10794_20990909_R_CC_1_mask.png
962,10794_20990909_R_MLO_1_mask.png
963,10801_20990909_R_CC_1_mask.png
964,10801_20990909_R_MLO_1_mask.png
965,10811_20990909_R_CC_1_mask.png
966,10818_20990909_L_MLO_1_mask.png
967,10824_20990909_R_CC_2_mask.png
968,10824_20990909_R_MLO_1_mask.png
969,10824_20990909_R_MLO_2_mask.png
970,10859_20990909_R_CC_1_mask.png
971,10859_20990909_R_MLO_1_mask.png
972,10877_20990909_R_CC_1_mask.png
973,10877_20990909_R_MLO_1_mask.png
974,10944_20990909_R_CC_1_mask.png
975,10944_20990909_R_MLO_1_mask.png
976,11017_20990909_R_CC_1_mask.png
977,11017_20990909_R_MLO_1_mask.png
978,11026_20990909_L_CC_1_mask.png
979,11026_20990909_L_MLO_1_mask.png
980,11057_20990909_L_CC_1_mask.png
981,11057_20990909_L_MLO_1_mask.png
982,11067_20990909_L_CC_1_mask.png
983,11067_20990909_L_MLO_1_mask.png
984,11073_20990909_L_CC_1_mask.png
985,11073_20990909_L_MLO_1_mask.png
986,11074_20990909_L_CC_1_mask.png
987,11088_20990909_L_CC_1_mask.png
988,11088_20990909_L_MLO_1_mask.png
989,11102_20990909_L_CC_1_mask.png
990,11102_20990909_L_MLO_1_mask.png
991,11104_20990909_R_CC_1_mask.png
992,11104_20990909_R_MLO_1_mask.png
993,11124_20990909_L_CC_1_mask.png
994,11124_20990909_L_MLO_1_mask.png
995,11156_20990909_L_CC_1_mask.png
996,11156_20990909_L_MLO_1_mask.png
997,11175_20990909_R_CC_1_mask.png
998,11175_20990909_R_MLO_1_mask.png
999,11184_20990909_L_CC_1_mask.png
1000,11184_20990909_L_MLO_1_mask.png
1001,11266_20990909_R_MLO_1_mask.png
1002,11275_20990909_R_CC_1_mask.png
1003,11275_20990909_R_MLO_1_mask.png
1004,11303_20990909_L_CC_1_mask.png
1005,11303_20990909_L_MLO_1_mask.png
